order_id,order_date,amount,product_id
10107,2003-02-24,2871.0,S10_1678
10145,2003-08-25,3746.7,S10_1678
10168,2003-10-28,3479.76,S10_1678
10188,2003-11-18,5512.32,S10_1678
10211,2004-01-15,4708.44,S10_1678
10223,2004-02-20,3965.66,S10_1678
10251,2004-05-18,3188.64,S10_1678
10263,2004-06-28,3676.76,S10_1678
10275,2004-07-23,4177.35,S10_1678
10285,2004-08-27,4099.68,S10_1678
10299,2004-09-30,2597.39,S10_1678
10309,2004-10-15,4394.38,S10_1678
10329,2004-11-15,4396.14,S10_1678
10341,2004-11-24,7737.93,S10_1678
10361,2004-12-17,1451.0,S10_1678
10417,2005-05-13,7516.08,S10_1678
10103,2003-01-29,5404.62,S10_1949
10112,2003-03-24,7209.11,S10_1949
10126,2003-05-28,7329.06,S10_1949
10140,2003-07-24,7374.1,S10_1949
10150,2003-09-19,10993.5,S10_1949
10163,2003-10-20,4860.24,S10_1949
10183,2003-11-13,5372.57,S10_1949
10194,2003-11-25,7290.36,S10_1949
10215,2004-01-29,6075.3,S10_1949
10258,2004-06-15,7680.64,S10_1949
10270,2004-07-19,4905.39,S10_1949
10280,2004-08-17,8014.82,S10_1949
10312,2004-10-21,11623.7,S10_1949
10333,2004-11-18,3003.0,S10_1949
10347,2004-11-29,3944.7,S10_1949
10369,2005-01-20,4514.92,S10_1949
10381,2005-02-17,8254.8,S10_1949
10424,2005-05-31,12001.0,S10_1949
10107,2003-02-24,3896.49,S10_2016
10120,2003-04-29,2793.86,S10_2016
10145,2003-08-25,5192.95,S10_2016
10168,2003-10-28,3660.93,S10_2016
10188,2003-11-18,3660.92,S10_2016
10223,2004-02-20,5422.39,S10_2016
10251,2004-05-18,5756.52,S10_2016
10263,2004-06-28,4472.0,S10_2016
10275,2004-07-23,2904.44,S10_2016
10285,2004-08-27,6484.59,S10_2016
10298,2004-09-27,3757.26,S10_2016
10308,2004-10-15,4043.96,S10_2016
10329,2004-11-15,3176.0,S10_2016
10339,2004-11-23,2756.8,S10_2016
10361,2004-12-17,1329.9,S10_2016
10417,2005-05-13,5887.35,S10_2016
10107,2003-02-24,6065.55,S10_4698
10120,2003-04-29,9264.86,S10_4698
10145,2003-08-25,5176.38,S10_4698
10168,2003-10-28,4183.0,S10_4698
10188,2003-11-18,8714.7,S10_4698
10223,2004-02-20,9774.03,S10_4698
10251,2004-05-18,7078.23,S10_4698
10263,2004-06-28,8336.94,S10_4698
10275,2004-07-23,6901.92,S10_4698
10285,2004-08-27,5438.07,S10_4698
10299,2004-09-30,6683.34,S10_4698
10308,2004-10-15,4570.4,S10_4698
10329,2004-11-15,5868.2,S10_4698
10339,2004-11-23,2990.13,S10_4698
10417,2005-05-13,9218.16,S10_4698
10119,2003-04-28,5004.8,S10_4757
10167,2003-10-23,5924.16,S10_4757
10186,2003-11-14,3854.24,S10_4757
10197,2003-11-26,5324.4,S10_4757
10222,2004-02-19,5997.6,S10_4757
10261,2004-06-17,3378.24,S10_4757
10273,2004-07-21,3508.8,S10_4757
10283,2004-08-20,2992.0,S10_4757
10307,2004-10-14,2692.8,S10_4757
10337,2004-11-21,1201.25,S10_4757
10359,2004-12-15,2624.64,S10_4757
10373,2005-01-31,4046.25,S10_4757
10384,2005-02-23,4846.7,S10_4757
10395,2005-03-17,3370.56,S10_4757
10103,2003-01-29,5398.26,S10_4962
10126,2003-05-28,3347.74,S10_4962
10140,2003-07-24,3188.12,S10_4962
10150,2003-09-19,3191.2,S10_4962
10164,2003-10-21,3536.82,S10_4962
10183,2003-11-13,3433.36,S10_4962
10194,2003-11-25,4263.74,S10_4962
10259,2004-06-15,4033.38,S10_4962
10270,2004-07-19,4302.08,S10_4962
10281,2004-08-19,7020.64,S10_4962
10305,2004-10-13,6680.78,S10_4962
10313,2004-10-22,6678.0,S10_4962
10334,2004-11-19,3188.12,S10_4962
10347,2004-11-29,4428.0,S10_4962
10370,2005-01-20,2297.05,S10_4962
10381,2005-02-17,6231.54,S10_4962
10425,2005-05-31,5894.94,S10_4962
10191,2003-11-20,3840.9,S12_1099
10211,2004-01-15,7498.9,S12_1099
10225,2004-02-22,4517.91,S12_1099
10287,2004-08-30,3432.24,S12_1099
10310,2004-10-16,6934.62,S12_1099
10329,2004-11-15,2930.27,S12_1099
10341,2004-11-24,3584.25,S12_1099
10419,2005-05-17,1961.28,S12_1099
10117,2003-04-16,6034.38,S12_1108
10153,2003-09-28,4904.0,S12_1108
10165,2003-10-22,8594.52,S12_1108
10185,2003-11-14,3883.74,S12_1108
10196,2003-11-26,8887.7,S12_1108
10231,2004-03-19,8378.58,S12_1108
10272,2004-07-20,5818.4,S12_1108
10282,2004-08-20,7071.27,S12_1108
10306,2004-10-14,6570.76,S12_1108
10314,2004-10-22,7975.44,S12_1108
10336,2004-11-20,1888.26,S12_1108
10359,2004-12-15,4764.48,S12_1108
10371,2005-01-23,3560.64,S12_1108
10382,2005-02-17,3823.64,S12_1108
10395,2005-03-17,2280.96,S12_1108
10103,2003-01-29,3394.98,S12_1666
10113,2003-03-26,3415.44,S12_1666
10126,2003-05-28,2439.57,S12_1666
10140,2003-07-24,4829.8,S12_1666
10150,2003-09-19,4100.1,S12_1666
10164,2003-10-21,6563.06,S12_1666
10183,2003-11-13,6163.94,S12_1666
10194,2003-11-25,4933.92,S12_1666
10258,2004-06-15,6668.24,S12_1666
10270,2004-07-19,4094.72,S12_1666
10281,2004-08-19,2938.5,S12_1666
10313,2004-10-22,2669.1,S12_1666
10333,2004-11-18,3273.93,S12_1666
10347,2004-11-29,3586.43,S12_1666
10370,2005-01-20,8470.14,S12_1666
10381,2005-02-17,2952.0,S12_1666
10424,2005-05-31,7969.36,S12_1666
10107,2003-02-24,3036.6,S12_2823
10145,2003-08-25,8339.8,S12_2823
10189,2003-11-18,4512.48,S12_2823
10211,2004-01-15,4771.8,S12_2823
10224,2004-02-21,6087.94,S12_2823
10251,2004-05-18,7552.28,S12_2823
10263,2004-06-28,6434.4,S12_2823
10285,2004-08-27,6863.92,S12_2823
10299,2004-09-30,4157.04,S12_2823
10309,2004-10-15,4660.24,S12_2823
10329,2004-11-15,3542.64,S12_2823
10341,2004-11-24,8118.55,S12_2823
10417,2005-05-13,3447.78,S12_2823
10104,2003-01-31,5958.5,S12_3148
10117,2003-04-16,5911.64,S12_3148
10153,2003-09-28,5393.64,S12_3148
10165,2003-10-22,4880.02,S12_3148
10185,2003-11-14,4038.21,S12_3148
10196,2003-11-26,3807.12,S12_3148
10230,2004-03-15,7016.31,S12_3148
10272,2004-07-20,4283.01,S12_3148
10282,2004-08-20,4364.82,S12_3148
10306,2004-10-14,4982.7,S12_3148
10314,2004-10-22,6393.54,S12_3148
10336,2004-11-20,4059.33,S12_3148
10372,2005-01-26,5862.0,S12_3148
10382,2005-02-17,4071.85,S12_3148
10191,2003-11-20,5590.0,S12_3380
10212,2004-01-16,4946.76,S12_3380
10225,2004-02-22,2495.5,S12_3380
10287,2004-08-30,4756.5,S12_3380
10310,2004-10-16,3100.32,S12_3380
10329,2004-11-15,3846.98,S12_3380
10341,2004-11-24,4220.92,S12_3380
10419,2005-05-17,1092.2,S12_3380
10117,2003-04-16,5938.14,S12_3891
10153,2003-09-28,7036.89,S12_3891
10165,2003-10-22,5559.03,S12_3891
10185,2003-11-14,7886.2,S12_3891
10196,2003-11-26,7232.16,S12_3891
10231,2004-03-19,6952.12,S12_3891
10272,2004-07-20,7962.24,S12_3891
10282,2004-08-20,3778.8,S12_3891
10306,2004-10-14,3633.4,S12_3891
10314,2004-10-22,6913.8,S12_3891
10336,2004-11-20,3105.62,S12_3891
10359,2004-12-15,3042.41,S12_3891
10372,2005-01-26,5941.5,S12_3891
10382,2005-02-17,3241.9,S12_3891
10396,2005-03-23,6109.29,S12_3891
10191,2003-11-20,1939.2,S12_3990
10211,2004-01-15,2591.96,S12_3990
10225,2004-02-22,2864.17,S12_3990
10287,2004-08-30,2846.63,S12_3990
10310,2004-10-16,3988.6,S12_3990
10329,2004-11-15,3607.56,S12_3990
10341,2004-11-24,3368.16,S12_3990
10419,2005-05-17,3065.78,S12_3990
10104,2003-01-31,4615.78,S12_4473
10151,2003-09-21,3327.6,S12_4473
10165,2003-10-22,6825.6,S12_4473
10184,2003-11-14,4516.22,S12_4473
10195,2003-11-25,6445.46,S12_4473
10259,2004-06-15,6541.2,S12_4473
10271,2004-07-20,3012.27,S12_4473
10281,2004-08-19,5247.18,S12_4473
10305,2004-10-13,4773.18,S12_4473
10314,2004-10-22,6185.7,S12_4473
10336,2004-11-20,6372.6,S12_4473
10371,2005-01-23,1749.79,S12_4473
10382,2005-02-17,2130.56,S12_4473
10425,2005-05-31,4692.6,S12_4473
10192,2003-11-20,3544.56,S12_4675
10212,2004-01-16,4180.44,S12_4675
10225,2004-02-22,2684.43,S12_4675
10287,2004-08-30,2675.13,S12_4675
10310,2004-10-16,2504.75,S12_4675
10329,2004-11-15,2524.86,S12_4675
10341,2004-11-24,4136.0,S12_4675
10405,2005-04-14,9048.16,S12_4675
10419,2005-05-17,3832.64,S12_4675
10103,2003-01-29,3920.0,S18_1097
10113,2003-03-26,4916.66,S18_1097
10126,2003-05-28,3857.0,S18_1097
10140,2003-07-24,4181.44,S18_1097
10150,2003-09-19,4641.0,S18_1097
10164,2003-10-21,3570.12,S18_1097
10183,2003-11-13,2033.64,S18_1097
10194,2003-11-25,1960.14,S18_1097
10215,2004-01-29,5152.0,S18_1097
10258,2004-06-15,5453.0,S18_1097
10270,2004-07-19,4164.12,S18_1097
10280,2004-08-17,2800.08,S18_1097
10312,2004-10-21,4181.44,S18_1097
10333,2004-11-18,1167.25,S18_1097
10347,2004-11-29,2083.2,S18_1097
10370,2005-01-20,3911.49,S18_1097
10381,2005-02-17,4704.0,S18_1097
10424,2005-05-31,7182.0,S18_1097
10161,2003-10-17,3764.88,S18_1129
10192,2003-11-20,3300.66,S18_1129
10212,2004-01-16,4186.73,S18_1129
10225,2004-02-22,4529.28,S18_1129
10240,2004-04-13,5628.89,S18_1129
10287,2004-08-30,6499.32,S18_1129
10310,2004-10-16,6231.91,S18_1129
10331,2004-11-17,6434.02,S18_1129
10342,2004-11-24,6454.4,S18_1129
10406,2005-04-15,8374.69,S18_1129
10419,2005-05-17,4464.24,S18_1129
10111,2003-03-25,3288.78,S18_1342
10125,2003-05-21,3254.72,S18_1342
10139,2003-07-16,3184.94,S18_1342
10162,2003-10-18,4389.12,S18_1342
10193,2003-11-21,3106.88,S18_1342
10215,2004-01-29,2413.26,S18_1342
10244,2004-04-29,4684.8,S18_1342
10280,2004-08-17,5239.5,S18_1342
10312,2004-10-21,3843.34,S18_1342
10332,2004-11-17,4375.98,S18_1342
10346,2004-11-29,1516.62,S18_1342
10369,2005-01-20,9240.44,S18_1342
10380,2005-02-16,2515.32,S18_1342
10422,2005-05-30,4873.05,S18_1342
10111,2003-03-25,2354.88,S18_1367
10126,2003-05-28,2309.58,S18_1367
10139,2003-07-16,2113.37,S18_1367
10162,2003-10-18,2304.45,S18_1367
10193,2003-11-21,2455.02,S18_1367
10215,2004-01-29,1423.29,S18_1367
10244,2004-04-29,1164.4,S18_1367
10280,2004-08-17,1557.36,S18_1367
10312,2004-10-21,1105.25,S18_1367
10332,2004-11-17,2427.03,S18_1367
10347,2004-11-29,1237.95,S18_1367
10369,2005-01-20,3156.16,S18_1367
10381,2005-02-17,1320.75,S18_1367
10422,2005-05-30,1293.75,S18_1367
10110,2003-03-18,5433.08,S18_1589
10123,2003-05-20,3073.72,S18_1589
10161,2003-10-17,6153.73,S18_1589
10192,2003-11-20,4258.36,S18_1589
10212,2004-01-16,4492.36,S18_1589
10226,2004-02-26,4161.38,S18_1589
10241,2004-04-13,2508.66,S18_1589
10311,2004-10-16,2923.2,S18_1589
10331,2004-11-17,4849.24,S18_1589
10343,2004-11-24,5848.92,S18_1589
10407,2005-04-22,7048.14,S18_1589
10419,2005-05-17,5202.94,S18_1589
10106,2003-02-17,5279.4,S18_1662
10119,2003-04-28,6916.12,S18_1662
10131,2003-06-16,2781.66,S18_1662
10167,2003-10-23,5763.72,S18_1662
10186,2003-11-14,6004.8,S18_1662
10198,2003-11-27,7483.98,S18_1662
10222,2004-02-19,6954.08,S18_1662
10262,2004-06-24,6567.96,S18_1662
10274,2004-07-21,6724.0,S18_1662
10284,2004-08-21,5747.85,S18_1662
10296,2004-09-15,5676.84,S18_1662
10307,2004-10-14,7379.97,S18_1662
10338,2004-11-22,5624.79,S18_1662
10373,2005-01-31,1611.4,S18_1662
10398,2005-03-30,4215.09,S18_1662
10110,2003-03-18,6069.0,S18_1749
10124,2003-05-21,2856.0,S18_1749
10162,2003-10-18,5176.5,S18_1749
10193,2003-11-21,3141.6,S18_1749
10214,2004-01-26,5967.0,S18_1749
10241,2004-04-13,7597.3,S18_1749
10280,2004-08-17,3668.6,S18_1749
10312,2004-10-21,8078.4,S18_1749
10331,2004-11-17,3257.76,S18_1749
10344,2004-11-25,7650.0,S18_1749
10407,2005-04-22,14082.8,S18_1749
10420,2005-05-29,5283.6,S18_1749
10192,2003-11-20,4088.7,S18_1889
10212,2004-01-16,1339.8,S18_1889
10225,2004-02-22,3039.96,S18_1889
10287,2004-08-30,3625.16,S18_1889
10310,2004-10-16,1832.6,S18_1889
10329,2004-11-15,2954.81,S18_1889
10342,2004-11-24,3599.75,S18_1889
10405,2005-04-14,4509.12,S18_1889
10419,2005-05-17,3273.27,S18_1889
10161,2003-10-17,6145.44,S18_1984
10192,2003-11-20,7421.3,S18_1984
10212,2004-01-16,4840.87,S18_1984
10226,2004-02-26,3892.08,S18_1984
10240,2004-04-13,5526.32,S18_1984
10287,2004-08-30,3516.48,S18_1984
10310,2004-10-16,3448.08,S18_1984
10331,2004-11-17,974.1,S18_1984
10342,2004-11-24,3160.74,S18_1984
10406,2005-04-15,7169.28,S18_1984
10419,2005-05-17,4594.76,S18_1984
10104,2003-01-31,3457.92,S18_2238
10151,2003-09-21,7110.91,S18_2238
10165,2003-10-22,5032.95,S18_2238
10184,2003-11-14,7381.16,S18_2238
10195,2003-11-25,5128.11,S18_2238
10230,2004-03-15,7300.51,S18_2238
10259,2004-06-15,5697.9,S18_2238
10271,2004-07-20,9169.0,S18_2238
10282,2004-08-20,3238.63,S18_2238
10305,2004-10-13,3934.44,S18_2238
10314,2004-10-22,5776.26,S18_2238
10336,2004-11-20,7460.74,S18_2238
10371,2005-01-23,2602.25,S18_2238
10382,2005-02-17,2200.0,S18_2238
10425,2005-05-31,5318.04,S18_2238
10110,2003-03-18,1608.0,S18_2248
10124,2003-05-21,2262.96,S18_2248
10162,2003-10-18,1879.74,S18_2248
10193,2003-11-21,2491.86,S18_2248
10214,2004-01-26,1322.16,S18_2248
10241,2004-04-13,2397.45,S18_2248
10280,2004-08-17,1574.0,S18_2248
10312,2004-10-21,1834.5,S18_2248
10332,2004-11-17,3201.5,S18_2248
10344,2004-11-25,2276.4,S18_2248
10407,2005-04-22,3051.3,S18_2248
10420,2005-05-29,2288.52,S18_2248
10104,2003-01-31,3772.61,S18_2319
10151,2003-09-21,5412.54,S18_2319
10165,2003-10-22,5984.14,S18_2319
10184,2003-11-14,5984.14,S18_2319
10195,2003-11-25,3608.15,S18_2319
10259,2004-06-15,3379.94,S18_2319
10271,2004-07-20,5093.5,S18_2319
10281,2004-08-19,5773.44,S18_2319
10305,2004-10-13,4816.08,S18_2319
10313,2004-10-22,3416.78,S18_2319
10334,2004-11-19,5814.86,S18_2319
10370,2005-01-20,3949.0,S18_2319
10383,2005-02-22,3843.99,S18_2319
10425,2005-05-31,3777.58,S18_2319
10110,2003-03-18,3859.68,S18_2325
10124,2003-05-21,4431.84,S18_2325
10162,2003-10-18,4299.7,S18_2325
10193,2003-11-21,4642.88,S18_2325
10214,2004-01-26,3604.23,S18_2325
10243,2004-04-26,6154.18,S18_2325
10280,2004-08-17,4750.8,S18_2325
10312,2004-10-21,4729.36,S18_2325
10332,2004-11-17,2264.15,S18_2325
10344,2004-11-25,3928.2,S18_2325
10380,2005-02-16,4931.6,S18_2325
10409,2005-04-23,785.64,S18_2325
10420,2005-05-29,4977.0,S18_2325
10103,2003-01-29,1189.98,S18_2432
10126,2003-05-28,2795.86,S18_2432
10140,2003-07-24,2851.54,S18_2432
10151,2003-09-21,2701.92,S18_2432
10165,2003-10-22,2204.1,S18_2432
10184,2003-11-14,2647.04,S18_2432
10194,2003-11-25,3172.05,S18_2432
10259,2004-06-15,1476.6,S18_2432
10271,2004-07-20,1732.0,S18_2432
10281,2004-08-19,1674.17,S18_2432
10305,2004-10-13,2192.68,S18_2432
10313,2004-10-22,1797.58,S18_2432
10334,2004-11-19,2086.92,S18_2432
10347,2004-11-29,6834.5,S18_2432
10370,2005-01-20,2130.92,S18_2432
10381,2005-02-17,1701.7,S18_2432
10425,2005-05-31,935.18,S18_2432
10106,2003-02-17,3073.26,S18_2581
10120,2003-04-29,2082.49,S18_2581
10133,2003-06-27,3394.23,S18_2581
10145,2003-08-25,2559.6,S18_2581
10168,2003-10-28,1490.16,S18_2581
10223,2004-02-20,4724.91,S18_2581
10263,2004-06-28,2843.61,S18_2581
10275,2004-07-23,3163.65,S18_2581
10284,2004-08-21,2226.11,S18_2581
10297,2004-09-16,2069.75,S18_2581
10308,2004-10-15,2235.33,S18_2581
10339,2004-11-23,2810.7,S18_2581
10398,2005-03-30,2613.92,S18_2581
10107,2003-02-24,2055.23,S18_2625
10120,2003-04-29,2674.9,S18_2625
10145,2003-08-25,1490.1,S18_2625
10168,2003-10-28,2814.28,S18_2625
10188,2003-11-18,2093.44,S18_2625
10223,2004-02-20,1695.96,S18_2625
10251,2004-05-18,1774.22,S18_2625
10263,2004-06-28,1997.5,S18_2625
10275,2004-07-23,2353.2,S18_2625
10285,2004-08-27,981.2,S18_2625
10298,2004-09-27,1550.72,S18_2625
10308,2004-10-15,1771.06,S18_2625
10329,2004-11-15,5266.04,S18_2625
10339,2004-11-23,1864.8,S18_2625
10417,2005-05-13,2202.48,S18_2625
10110,2003-03-18,5074.39,S18_2795
10125,2003-05-21,6483.46,S18_2795
10139,2003-07-16,7956.46,S18_2795
10162,2003-10-18,7209.12,S18_2795
10193,2003-11-21,3675.32,S18_2795
10214,2004-01-26,9534.5,S18_2795
10244,2004-04-29,5950.34,S18_2795
10280,2004-08-17,4455.0,S18_2795
10312,2004-10-21,3881.25,S18_2795
10332,2004-11-17,1264.08,S18_2795
10347,2004-11-29,4815.3,S18_2795
10380,2005-02-16,990.78,S18_2795
10421,2005-05-29,5433.75,S18_2795
10123,2003-05-20,5161.2,S18_2870
10161,2003-10-17,3187.8,S18_2870
10192,2003-11-20,4965.84,S18_2870
10212,2004-01-16,4910.4,S18_2870
10226,2004-02-26,3231.36,S18_2870
10241,2004-04-13,6853.44,S18_2870
10287,2004-08-30,5052.96,S18_2870
10311,2004-10-16,5278.68,S18_2870
10331,2004-11-17,1687.4,S18_2870
10343,2004-11-24,1308.0,S18_2870
10407,2005-04-22,6386.16,S18_2870
10419,2005-05-17,7695.6,S18_2870
10103,2003-01-29,2242.89,S18_2949
10112,2003-03-24,2539.89,S18_2949
10126,2003-05-28,2795.27,S18_2949
10139,2003-07-16,5545.76,S18_2949
10150,2003-09-19,4285.46,S18_2949
10163,2003-10-20,3329.09,S18_2949
10183,2003-11-13,3298.55,S18_2949
10193,2003-11-21,2609.88,S18_2949
10215,2004-01-29,5510.05,S18_2949
10244,2004-04-29,3525.6,S18_2949
10257,2004-06-14,4407.0,S18_2949
10270,2004-07-19,2983.44,S18_2949
10280,2004-08-17,5126.24,S18_2949
10312,2004-10-21,3711.1,S18_2949
10333,2004-11-18,2795.27,S18_2949
10347,2004-11-29,4814.4,S18_2949
10369,2005-01-20,4581.36,S18_2949
10381,2005-02-17,4319.76,S18_2949
10423,2005-05-30,881.4,S18_2949
10103,2003-01-29,2011.1,S18_2957
10111,2003-03-25,1801.24,S18_2957
10126,2003-05-28,3390.2,S18_2957
10139,2003-07-16,1424.0,S18_2957
10150,2003-09-19,1499.1,S18_2957
10163,2003-10-20,3358.08,S18_2957
10183,2003-11-13,2655.12,S18_2957
10193,2003-11-21,1244.16,S18_2957
10215,2004-01-29,1820.01,S18_2957
10244,2004-04-29,1394.16,S18_2957
10257,2004-06-14,2632.28,S18_2957
10269,2004-07-16,2018.56,S18_2957
10280,2004-08-17,2954.53,S18_2957
10312,2004-10-21,1880.2,S18_2957
10332,2004-11-17,2979.08,S18_2957
10347,2004-11-29,2208.64,S18_2957
10369,2005-01-20,1237.88,S18_2957
10381,2005-02-17,2723.2,S18_2957
10423,2005-05-30,1665.32,S18_2957
10106,2003-02-17,3421.04,S18_3029
10119,2003-04-28,1878.66,S18_3029
10130,2003-06-16,3853.6,S18_3029
10167,2003-10-23,3363.52,S18_3029
10186,2003-11-14,2862.72,S18_3029
10197,2003-11-26,4036.04,S18_3029
10222,2004-02-19,4636.38,S18_3029
10262,2004-06-24,2697.6,S18_3029
10273,2004-07-21,3334.04,S18_3029
10283,2004-08-20,2059.26,S18_3029
10296,2004-09-15,2023.14,S18_3029
10307,2004-10-14,2586.64,S18_3029
10338,2004-11-22,2312.24,S18_3029
10373,2005-01-31,1908.28,S18_3029
10398,2005-03-30,2023.28,S18_3029
10103,2003-01-29,2539.5,S18_3136
10111,2003-03-25,4818.15,S18_3136
10126,2003-05-28,2921.7,S18_3136
10139,2003-07-16,1801.2,S18_3136
10150,2003-09-19,2804.36,S18_3136
10163,2003-10-20,4900.8,S18_3136
10183,2003-11-13,2488.2,S18_3136
10193,2003-11-21,2769.89,S18_3136
10215,2004-01-29,5285.14,S18_3136
10244,2004-04-29,3340.51,S18_3136
10257,2004-06-14,3138.34,S18_3136
10270,2004-07-19,4775.08,S18_3136
10280,2004-08-17,3006.43,S18_3136
10312,2004-10-21,4457.02,S18_3136
10332,2004-11-17,1592.0,S18_3136
10347,2004-11-29,4948.2,S18_3136
10369,2005-01-20,1978.62,S18_3136
10381,2005-02-17,4288.2,S18_3136
10423,2005-05-30,1781.22,S18_3136
10117,2003-04-16,3551.34,S18_3140
10153,2003-09-28,3641.57,S18_3140
10166,2003-10-21,6930.74,S18_3140
10185,2003-11-14,3442.04,S18_3140
10196,2003-11-26,6893.81,S18_3140
10221,2004-02-18,4417.38,S18_3140
10232,2004-03-20,3606.02,S18_3140
10273,2004-07-21,5026.4,S18_3140
10282,2004-08-20,6695.53,S18_3140
10306,2004-10-14,3759.04,S18_3140
10314,2004-10-22,2731.8,S18_3140
10336,2004-11-20,5778.24,S18_3140
10372,2005-01-26,3862.88,S18_3140
10383,2005-02-22,1476.48,S18_3140
10396,2005-03-23,5273.73,S18_3140
10104,2003-01-31,4556.99,S18_3232
10151,2003-09-21,3734.01,S18_3232
10165,2003-10-22,8754.69,S18_3232
10184,2003-11-14,4409.72,S18_3232
10192,2003-11-20,3918.46,S18_3232
10195,2003-11-25,7620.5,S18_3232
10212,2004-01-16,5554.4,S18_3232
10225,2004-02-22,6407.86,S18_3232
10259,2004-06-15,3657.69,S18_3232
10271,2004-07-20,3928.6,S18_3232
10281,2004-08-19,4191.25,S18_3232
10287,2004-08-30,5852.52,S18_3232
10305,2004-10-13,7455.87,S18_3232
10310,2004-10-16,8940.96,S18_3232
10313,2004-10-22,4572.25,S18_3232
10331,2004-11-17,4170.69,S18_3232
10334,2004-11-19,2878.8,S18_3232
10342,2004-11-24,5029.5,S18_3232
10370,2005-01-20,1534.95,S18_3232
10383,2005-02-22,6869.05,S18_3232
10394,2005-03-15,3353.02,S18_3232
10405,2005-04-14,8289.05,S18_3232
10419,2005-05-17,5926.9,S18_3232
10425,2005-05-31,3793.16,S18_3232
10117,2003-04-16,2011.8,S18_3259
10153,2003-09-28,2573.46,S18_3259
10165,2003-10-22,5344.5,S18_3259
10185,2003-11-14,3952.83,S18_3259
10196,2003-11-26,3564.75,S18_3259
10221,2004-02-18,1855.41,S18_3259
10232,2004-03-20,4598.4,S18_3259
10273,2004-07-21,5450.59,S18_3259
10282,2004-08-20,4174.92,S18_3259
10306,2004-10-14,3670.4,S18_3259
10314,2004-10-22,2481.7,S18_3259
10336,2004-11-20,2230.41,S18_3259
10372,2005-01-26,2117.75,S18_3259
10383,2005-02-22,3340.48,S18_3259
10396,2005-03-23,2154.0,S18_3259
10191,2003-11-20,3415.68,S18_3278
10211,2004-01-15,2730.0,S18_3278
10225,2004-02-22,3540.53,S18_3278
10252,2004-05-26,1527.8,S18_3278
10287,2004-08-30,3042.68,S18_3278
10310,2004-10-16,2171.07,S18_3278
10329,2004-11-15,2245.8,S18_3278
10342,2004-11-24,1668.5,S18_3278
10103,2003-01-29,4791.82,S18_3320
10111,2003-03-25,4178.85,S18_3320
10126,2003-05-28,3128.92,S18_3320
10139,2003-07-16,3095.4,S18_3320
10163,2003-10-20,4991.44,S18_3320
10193,2003-11-21,2539.84,S18_3320
10215,2004-01-29,4555.92,S18_3320
10244,2004-04-29,3035.88,S18_3320
10257,2004-06-14,2321.54,S18_3320
10280,2004-08-17,3474.46,S18_3320
10312,2004-10-21,3535.95,S18_3320
10333,2004-11-18,11336.7,S18_3320
10347,2004-11-29,2656.94,S18_3320
10369,2005-01-20,3288.6,S18_3320
10382,2005-02-17,8935.5,S18_3320
10423,2005-05-30,1875.09,S18_3320
10191,2003-11-20,3414.58,S18_3482
10211,2004-01-15,3745.28,S18_3482
10225,2004-02-22,4564.08,S18_3482
10252,2004-05-26,6749.83,S18_3482
10287,2004-08-30,6761.6,S18_3482
10310,2004-10-16,6266.12,S18_3482
10330,2004-11-16,4405.22,S18_3482
10342,2004-11-24,6548.3,S18_3482
10123,2003-05-20,5331.88,S18_3685
10161,2003-10-17,5544.0,S18_3685
10192,2003-11-20,5340.6,S18_3685
10212,2004-01-16,6357.6,S18_3685
10226,2004-02-26,7343.9,S18_3685
10240,2004-04-13,5959.22,S18_3685
10287,2004-08-30,4310.55,S18_3685
10311,2004-10-16,3616.64,S18_3685
10331,2004-11-17,1765.66,S18_3685
10343,2004-11-24,3734.72,S18_3685
10406,2005-04-15,10468.9,S18_3685
10419,2005-05-17,5589.14,S18_3685
10191,2003-11-20,3127.82,S18_3782
10211,2004-01-15,2488.14,S18_3782
10224,2004-02-21,2220.72,S18_3782
10252,2004-05-26,1638.04,S18_3782
10264,2004-06-30,2626.08,S18_3782
10286,2004-08-28,2173.6,S18_3782
10299,2004-09-30,2182.05,S18_3782
10310,2004-10-16,2819.88,S18_3782
10330,2004-11-16,2019.27,S18_3782
10342,2004-11-24,1454.7,S18_3782
10106,2003-02-17,4774.86,S18_3856
10119,2003-04-28,2687.04,S18_3856
10130,2003-06-16,3423.75,S18_3856
10167,2003-10-23,3599.58,S18_3856
10186,2003-11-14,4918.78,S18_3856
10197,2003-11-26,2538.8,S18_3856
10222,2004-02-19,3858.75,S18_3856
10262,2004-06-24,4103.46,S18_3856
10273,2004-07-21,4287.5,S18_3856
10283,2004-08-20,5795.54,S18_3856
10296,2004-09-15,1863.4,S18_3856
10307,2004-10-14,4166.88,S18_3856
10338,2004-11-22,5526.45,S18_3856
10373,2005-01-31,3024.5,S18_3856
10398,2005-03-30,4811.85,S18_3856
10104,2003-01-31,5348.5,S18_4027
10117,2003-04-16,2780.58,S18_4027
10152,2003-09-25,4524.1,S18_4027
10165,2003-10-22,3337.6,S18_4027
10185,2003-11-14,5096.91,S18_4027
10196,2003-11-26,4537.08,S18_4027
10230,2004-03-15,7238.28,S18_4027
10272,2004-07-20,3734.0,S18_4027
10282,2004-08-20,4674.8,S18_4027
10306,2004-10-14,3600.65,S18_4027
10314,2004-10-22,4206.74,S18_4027
10337,2004-11-21,5679.36,S18_4027
10372,2005-01-26,7031.52,S18_4027
10383,2005-02-22,5340.9,S18_4027
10394,2005-03-15,6376.58,S18_4027
10110,2003-03-18,2499.56,S18_4409
10124,2003-05-21,3081.24,S18_4409
10162,2003-10-18,3912.09,S18_4409
10193,2003-11-21,2341.2,S18_4409
10213,2004-01-22,3602.02,S18_4409
10241,2004-04-13,3787.98,S18_4409
10280,2004-08-17,3704.05,S18_4409
10311,2004-10-16,3358.31,S18_4409
10332,2004-11-17,7310.0,S18_4409
10344,2004-11-25,2203.11,S18_4409
10380,2005-02-16,3376.64,S18_4409
10407,2005-04-22,541.14,S18_4409
10420,2005-05-29,6134.7,S18_4409
10117,2003-04-16,2240.66,S18_4522
10153,2003-09-28,1834.36,S18_4522
10166,2003-10-21,1916.98,S18_4522
10185,2003-11-14,3630.28,S18_4522
10197,2003-11-26,5090.5,S18_4522
10221,2004-02-18,3491.67,S18_4522
10232,2004-03-20,2059.19,S18_4522
10261,2004-06-17,1790.6,S18_4522
10273,2004-07-21,2345.97,S18_4522
10283,2004-08-20,3580.88,S18_4522
10306,2004-10-14,3525.6,S18_4522
10315,2004-10-29,3602.16,S18_4522
10337,2004-11-21,4498.19,S18_4522
10372,2005-01-26,3562.49,S18_4522
10383,2005-02-22,1640.24,S18_4522
10396,2005-03-23,4739.4,S18_4522
10103,2003-01-29,4228.2,S18_4600
10126,2003-05-28,7083.0,S18_4600
10140,2003-07-24,4601.2,S18_4600
10150,2003-09-19,6467.02,S18_4600
10164,2003-10-21,5012.55,S18_4600
10183,2003-11-13,2441.04,S18_4600
10194,2003-11-25,4262.08,S18_4600
10259,2004-06-15,4666.62,S18_4600
10270,2004-07-19,5383.08,S18_4600
10281,2004-08-19,2482.25,S18_4600
10305,2004-10-13,2184.38,S18_4600
10313,2004-10-22,2881.76,S18_4600
10334,2004-11-19,6763.47,S18_4600
10347,2004-11-29,5884.65,S18_4600
10370,2005-01-20,1668.37,S18_4600
10382,2005-02-17,4890.6,S18_4600
10425,2005-05-31,4325.16,S18_4600
10103,2003-01-29,1938.89,S18_4668
10113,2003-03-26,2490.5,S18_4668
10126,2003-05-28,2314.69,S18_4668
10140,2003-07-24,1254.83,S18_4668
10150,2003-09-19,1282.8,S18_4668
10164,2003-10-21,1345.75,S18_4668
10183,2003-11-13,1972.0,S18_4668
10194,2003-11-25,1835.98,S18_4668
10215,2004-01-29,2082.88,S18_4668
10258,2004-06-15,1257.27,S18_4668
10270,2004-07-19,2567.84,S18_4668
10281,2004-08-19,2634.28,S18_4668
10312,2004-10-21,2217.15,S18_4668
10333,2004-11-18,1916.64,S18_4668
10370,2005-01-20,2730.0,S18_4668
10382,2005-02-17,7827.3,S18_4668
10424,2005-05-31,1556.62,S18_4668
10191,2003-11-20,4237.76,S18_4721
10211,2004-01-15,5673.58,S18_4721
10225,2004-02-22,5260.15,S18_4721
10252,2004-05-26,3559.4,S18_4721
10264,2004-06-30,2410.6,S18_4721
10287,2004-08-30,4300.32,S18_4721
10299,2004-09-30,7947.31,S18_4721
10310,2004-10-16,5356.8,S18_4721
10330,2004-11-16,6101.0,S18_4721
10342,2004-11-24,6276.46,S18_4721
10110,2003-03-18,2574.18,S18_4933
10124,2003-05-21,1327.79,S18_4933
10161,2003-10-17,2013.5,S18_4933
10193,2003-11-21,1906.5,S18_4933
10213,2004-01-22,2084.75,S18_4933
10241,2004-04-13,2009.7,S18_4933
10311,2004-10-16,1674.75,S18_4933
10332,2004-11-17,3472.98,S18_4933
10344,2004-11-25,1649.18,S18_4933
10380,2005-02-16,4536.0,S18_4933
10407,2005-04-22,4421.34,S18_4933
10420,2005-05-29,2078.28,S18_4933
10110,2003-03-18,3069.0,S24_1046
10124,2003-05-21,1713.8,S24_1046
10161,2003-10-17,2692.12,S24_1046
10192,2003-11-20,2583.34,S24_1046
10212,2004-01-16,3374.71,S24_1046
10226,2004-02-26,1265.46,S24_1046
10241,2004-04-13,1681.46,S24_1046
10311,2004-10-16,2273.7,S24_1046
10332,2004-11-17,1307.32,S24_1046
10344,2004-11-25,1726.37,S24_1046
10380,2005-02-16,3441.82,S24_1046
10407,2005-04-22,1987.18,S24_1046
10420,2005-05-29,3880.2,S24_1046
10104,2003-01-31,1942.15,S24_1444
10152,2003-09-25,1632.75,S24_1444
10165,2003-10-22,1734.0,S24_1444
10184,2003-11-14,1863.41,S24_1444
10195,2003-11-25,2924.68,S24_1444
10230,2004-03-15,1955.88,S24_1444
10259,2004-06-15,1310.96,S24_1444
10271,2004-07-20,2913.3,S24_1444
10282,2004-08-20,1357.78,S24_1444
10305,2004-10-13,2783.25,S24_1444
10314,2004-10-22,2339.92,S24_1444
10336,2004-11-20,5972.4,S24_1444
10371,2005-01-23,2431.75,S24_1444
10383,2005-02-22,2018.72,S24_1444
10394,2005-03-15,1558.99,S24_1444
10425,2005-05-31,2575.1,S24_1444
10107,2003-02-24,2845.75,S24_1578
10120,2003-04-29,3431.75,S24_1578
10145,2003-08-25,4119.4,S24_1578
10168,2003-10-28,5747.5,S24_1578
10188,2003-11-18,2535.75,S24_1578
10211,2004-01-15,2254.0,S24_1578
10223,2004-02-20,2921.28,S24_1578
10251,2004-05-18,2637.18,S24_1578
10263,2004-06-28,4307.52,S24_1578
10275,2004-07-23,2153.76,S24_1578
10285,2004-08-27,3716.88,S24_1578
10299,2004-09-30,5455.76,S24_1578
10309,2004-10-15,2650.62,S24_1578
10329,2004-11-15,2633.4,S24_1578
10339,2004-11-23,2278.53,S24_1578
10417,2005-05-13,3550.05,S24_1578
10110,2003-03-18,1721.73,S24_1628
10123,2003-05-20,2993.5,S24_1628
10161,2003-10-17,1226.59,S24_1628
10192,2003-11-20,2530.01,S24_1628
10212,2004-01-16,2399.85,S24_1628
10226,2004-02-26,1557.72,S24_1628
10241,2004-04-13,845.25,S24_1628
10311,2004-10-16,2218.5,S24_1628
10332,2004-11-17,1759.2,S24_1628
10343,2004-11-24,977.67,S24_1628
10407,2005-04-22,2576.0,S24_1628
10420,2005-05-29,2233.69,S24_1628
10106,2003-02-17,2481.64,S24_1785
10120,2003-04-29,4651.53,S24_1785
10133,2003-06-27,3858.1,S24_1785
10145,2003-08-25,3501.6,S24_1785
10168,2003-10-28,6433.7,S24_1785
10223,2004-02-20,3608.76,S24_1785
10262,2004-06-24,3310.92,S24_1785
10275,2004-07-23,2380.0,S24_1785
10284,2004-08-21,2310.88,S24_1785
10297,2004-09-16,4061.76,S24_1785
10308,2004-10-15,3493.7,S24_1785
10339,2004-11-23,1063.65,S24_1785
10398,2005-03-30,5552.16,S24_1785
10110,2003-03-18,710.2,S24_1937
10124,2003-05-21,1702.8,S24_1937
10162,2003-10-18,1007.14,S24_1937
10193,2003-11-21,759.46,S24_1937
10214,2004-01-26,683.8,S24_1937
10243,2004-04-26,974.82,S24_1937
10280,2004-08-17,577.6,S24_1937
10312,2004-10-21,1152.06,S24_1937
10332,2004-11-17,3685.95,S24_1937
10344,2004-11-25,703.6,S24_1937
10380,2005-02-16,2257.92,S24_1937
10409,2005-04-23,1801.94,S24_1937
10420,2005-05-29,1209.6,S24_1937
10107,2003-02-24,3155.14,S24_2000
10120,2003-04-29,2848.86,S24_2000
10145,2003-08-25,3902.41,S24_2000
10168,2003-10-28,2186.89,S24_2000
10188,2003-11-18,3656.0,S24_2000
10223,2004-02-20,2633.78,S24_2000
10263,2004-06-28,2311.02,S24_2000
10275,2004-07-23,2399.4,S24_2000
10285,2004-08-27,2733.12,S24_2000
10297,2004-09-16,2096.32,S24_2000
10308,2004-10-15,2971.34,S24_2000
10329,2004-11-15,3493.91,S24_2000
10340,2004-11-24,4398.9,S24_2000
10117,2003-04-16,5189.78,S24_2011
10153,2003-09-28,5456.4,S24_2011
10167,2003-10-23,3812.16,S24_2011
10185,2003-11-14,3170.7,S24_2011
10197,2003-11-26,4534.6,S24_2011
10221,2004-02-18,6804.63,S24_2011
10232,2004-03-20,5652.94,S24_2011
10261,2004-06-17,4512.6,S24_2011
10273,2004-07-21,2784.76,S24_2011
10283,2004-08-20,5316.36,S24_2011
10306,2004-10-14,3207.4,S24_2011
10315,2004-10-29,4215.05,S24_2011
10337,2004-11-21,2087.13,S24_2011
10372,2005-01-26,3910.53,S24_2011
10384,2005-02-23,2255.12,S24_2011
10396,2005-03-23,5720.75,S24_2011
10110,2003-03-18,1729.65,S24_2022
10124,2003-05-21,995.5,S24_2022
10162,2003-10-18,1560.47,S24_2022
10193,2003-11-21,1012.4,S24_2022
10214,2004-01-26,2349.06,S24_2022
10244,2004-04-29,1764.75,S24_2022
10280,2004-08-17,2137.05,S24_2022
10312,2004-10-21,865.49,S24_2022
10332,2004-11-17,2223.52,S24_2022
10345,2004-11-25,2311.68,S24_2022
10380,2005-02-16,1845.45,S24_2022
10421,2005-05-29,1828.0,S24_2022
10103,2003-01-29,3680.28,S24_2300
10126,2003-05-28,3415.77,S24_2300
10140,2003-07-24,5105.14,S24_2300
10151,2003-09-21,5098.8,S24_2300
10165,2003-10-22,4661.76,S24_2300
10184,2003-11-14,3496.32,S24_2300
10194,2003-11-25,5760.93,S24_2300
10259,2004-06-15,5285.62,S24_2300
10271,2004-07-20,5605.05,S24_2300
10281,2004-08-19,2779.5,S24_2300
10305,2004-10-13,3189.6,S24_2300
10313,2004-10-22,5581.8,S24_2300
10334,2004-11-19,5528.04,S24_2300
10371,2005-01-23,3449.4,S24_2300
10382,2005-02-17,2654.4,S24_2300
10425,2005-05-31,5510.54,S24_2300
10145,2003-08-25,1645.65,S24_2360
10190,2003-11-19,3199.98,S24_2360
10211,2004-01-15,1338.12,S24_2360
10224,2004-02-21,2972.58,S24_2360
10252,2004-05-26,3092.6,S24_2360
10264,2004-06-30,2408.7,S24_2360
10285,2004-08-27,2263.28,S24_2360
10299,2004-09-30,2194.17,S24_2360
10309,2004-10-15,1346.4,S24_2360
10330,2004-11-16,3403.26,S24_2360
10341,2004-11-24,3307.2,S24_2360
10110,2003-03-18,3360.45,S24_2766
10124,2003-05-21,2326.4,S24_2766
10161,2003-10-17,2144.6,S24_2766
10192,2003-11-20,3845.6,S24_2766
10212,2004-01-16,3966.3,S24_2766
10241,2004-04-13,4441.5,S24_2766
10311,2004-10-16,2620.8,S24_2766
10332,2004-11-17,3382.08,S24_2766
10346,2004-11-29,2876.75,S24_2766
10368,2005-01-19,4107.2,S24_2766
10380,2005-02-16,1350.0,S24_2766
10407,2005-04-22,7182.0,S24_2766
10420,2005-05-29,3933.93,S24_2766
10104,2003-01-31,1742.4,S24_2840
10151,2003-09-21,1209.3,S24_2840
10165,2003-10-22,859.14,S24_2840
10184,2003-11-14,1336.44,S24_2840
10195,2003-11-25,905.28,S24_2840
10259,2004-06-15,1030.44,S24_2840
10271,2004-07-20,1585.36,S24_2840
10281,2004-08-19,813.2,S24_2840
10305,2004-10-13,1510.56,S24_2840
10314,2004-10-22,1448.07,S24_2840
10335,2004-11-19,1225.29,S24_2840
10371,2005-01-23,5545.8,S24_2840
10383,2005-02-22,6089.6,S24_2840
10394,2005-03-15,1789.4,S24_2840
10425,2005-05-31,1030.44,S24_2840
10106,2003-02-17,3659.32,S24_2841
10119,2003-04-28,2443.6,S24_2841
10131,2003-06-16,2349.9,S24_2841
10167,2003-10-23,1467.48,S24_2841
10186,2003-11-14,1522.4,S24_2841
10198,2003-11-27,3255.36,S24_2841
10222,2004-02-19,2608.96,S24_2841
10262,2004-06-24,1611.36,S24_2841
10274,2004-07-21,2603.2,S24_2841
10284,2004-08-21,2219.7,S24_2841
10296,2004-09-15,1496.25,S24_2841
10307,2004-10-14,1884.0,S24_2841
10339,2004-11-23,6214.45,S24_2841
10373,2005-01-31,2676.72,S24_2841
10398,2005-03-30,1611.4,S24_2841
10110,2003-03-18,5942.28,S24_2887
10124,2003-05-21,2348.75,S24_2887
10161,2003-10-17,2759.75,S24_2887
10192,2003-11-20,3052.33,S24_2887
10213,2004-01-22,2790.45,S24_2887
10241,2004-04-13,2762.2,S24_2887
10311,2004-10-16,4595.41,S24_2887
10332,2004-11-17,1859.44,S24_2887
10346,2004-11-29,2093.76,S24_2887
10368,2005-01-19,4223.13,S24_2887
10380,2005-02-16,1596.76,S24_2887
10407,2005-04-22,5820.35,S24_2887
10420,2005-05-29,5296.5,S24_2887
10192,2003-11-20,917.7,S24_2972
10212,2004-01-16,1476.28,S24_2972
10225,2004-02-22,1538.46,S24_2972
10287,2004-08-30,1427.4,S24_2972
10310,2004-10-16,1383.03,S24_2972
10331,2004-11-17,1140.48,S24_2972
10342,2004-11-24,1575.6,S24_2972
10405,2005-04-14,2094.32,S24_2972
10419,2005-05-17,640.05,S24_2972
10119,2003-04-28,3066.7,S24_3151
10167,2003-10-23,1593.2,S24_3151
10185,2003-11-14,2453.55,S24_3151
10197,2003-11-26,3910.4,S24_3151
10222,2004-02-19,3328.07,S24_3151
10233,2004-03-29,3788.4,S24_3151
10261,2004-06-17,2005.74,S24_3151
10273,2004-07-21,2796.12,S24_3151
10283,2004-08-20,3159.96,S24_3151
10306,2004-10-14,2606.48,S24_3151
10315,2004-10-29,2081.76,S24_3151
10339,2004-11-23,10758.0,S24_3151
10373,2005-01-31,1891.56,S24_3151
10384,2005-02-23,4208.41,S24_3151
10396,2005-03-23,2246.4,S24_3151
10110,2003-03-18,1987.74,S24_3191
10124,2003-05-21,4068.96,S24_3191
10161,2003-10-17,1541.0,S24_3191
10192,2003-11-20,2328.64,S24_3191
10212,2004-01-16,2149.74,S24_3191
10241,2004-04-13,2114.58,S24_3191
10311,2004-10-16,2076.0,S24_3191
10332,2004-11-17,1538.55,S24_3191
10346,2004-11-29,3325.92,S24_3191
10368,2005-01-19,3662.52,S24_3191
10380,2005-02-16,3478.64,S24_3191
10407,2005-04-22,1057.29,S24_3191
10420,2005-05-29,3385.9,S24_3191
10191,2003-11-20,2880.48,S24_3371
10211,2004-01-15,2351.04,S24_3371
10225,2004-02-22,1205.04,S24_3371
10287,2004-08-30,1359.4,S24_3371
10310,2004-10-16,2163.72,S24_3371
10331,2004-11-17,3078.5,S24_3371
10342,2004-11-24,2997.6,S24_3371
10419,2005-05-17,2896.3,S24_3371
10106,2003-02-17,1630.6,S24_3420
10119,2003-04-28,1459.6,S24_3420
10131,2003-06-16,1716.22,S24_3420
10167,2003-10-23,2019.84,S24_3420
10186,2003-11-14,1449.84,S24_3420
10198,2003-11-27,1935.09,S24_3420
10222,2004-02-19,3025.05,S24_3420
10262,2004-06-24,3236.1,S24_3420
10274,2004-07-21,1735.92,S24_3420
10284,2004-08-21,2795.13,S24_3420
10296,2004-09-15,1671.52,S24_3420
10307,2004-10-14,1576.74,S24_3420
10339,2004-11-23,2891.01,S24_3420
10361,2004-12-17,3871.92,S24_3420
10373,2005-01-31,3036.0,S24_3420
10398,2005-03-30,2436.78,S24_3420
10110,2003-03-18,3724.42,S24_3432
10124,2003-05-21,5203.0,S24_3432
10161,2003-10-17,3148.2,S24_3432
10192,2003-11-20,5566.0,S24_3432
10212,2004-01-16,4039.26,S24_3432
10226,2004-02-26,4420.32,S24_3432
10241,2004-04-13,2341.71,S24_3432
10311,2004-10-16,4236.14,S24_3432
10332,2004-11-17,1152.58,S24_3432
10346,2004-11-29,2492.88,S24_3432
10368,2005-01-19,1991.6,S24_3432
10380,2005-02-16,3953.18,S24_3432
10407,2005-04-22,3729.39,S24_3432
10420,2005-05-29,2617.16,S24_3432
10119,2003-04-28,3169.95,S24_3816
10167,2003-10-23,2431.94,S24_3816
10186,2003-11-14,3079.44,S24_3816
10197,2003-11-26,1900.36,S24_3816
10222,2004-02-19,3703.46,S24_3816
10262,2004-06-24,4273.29,S24_3816
10273,2004-07-21,3984.96,S24_3816
10283,2004-08-20,2407.68,S24_3816
10296,2004-09-15,1697.3,S24_3816
10307,2004-10-14,2011.02,S24_3816
10339,2004-11-23,2493.12,S24_3816
10373,2005-01-31,2394.3,S24_3816
10385,2005-02-28,3164.98,S24_3816
10396,2005-03-23,3351.09,S24_3816
10192,2003-11-20,6319.35,S24_3856
10212,2004-01-16,6949.67,S24_3856
10225,2004-02-22,4550.0,S24_3856
10287,2004-08-30,4297.32,S24_3856
10310,2004-10-16,5497.65,S24_3856
10331,2004-11-17,3135.93,S24_3856
10342,2004-11-24,5013.54,S24_3856
10405,2005-04-14,11739.7,S24_3856
10419,2005-05-17,9240.0,S24_3856
10106,2003-02-17,3241.5,S24_3949
10119,2003-04-28,1968.12,S24_3949
10131,2003-06-16,4094.5,S24_3949
10168,2003-10-28,1971.54,S24_3949
10198,2003-11-27,2846.17,S24_3949
10222,2004-02-19,2718.72,S24_3949
10262,2004-06-24,2948.16,S24_3949
10275,2004-07-23,3357.49,S24_3949
10284,2004-08-21,1175.16,S24_3949
10296,2004-09-15,2292.8,S24_3949
10308,2004-10-15,3286.49,S24_3949
10339,2004-11-23,4361.4,S24_3949
10361,2004-12-17,3710.98,S24_3949
10373,2005-01-31,2847.0,S24_3949
10398,2005-03-30,2797.84,S24_3949
10110,2003-03-18,1654.56,S24_3969
10124,2003-05-21,1528.58,S24_3969
10162,2003-10-18,1442.26,S24_3969
10193,2003-11-21,902.66,S24_3969
10214,2004-01-26,1534.72,S24_3969
10242,2004-04-20,1698.78,S24_3969
10280,2004-08-17,1381.05,S24_3969
10312,2004-10-21,1093.99,S24_3969
10332,2004-11-17,3166.84,S24_3969
10346,2004-11-29,2143.68,S24_3969
10368,2005-01-19,1717.64,S24_3969
10380,2005-02-16,4086.29,S24_3969
10408,2005-04-22,553.95,S24_3969
10420,2005-05-29,652.35,S24_3969
10104,2003-01-31,2921.62,S24_4048
10152,2003-09-25,2802.09,S24_4048
10165,2003-10-22,2384.64,S24_4048
10184,2003-11-14,5795.72,S24_4048
10195,2003-11-25,3699.88,S24_4048
10230,2004-03-15,4737.15,S24_4048
10271,2004-07-20,3070.54,S24_4048
10282,2004-08-20,4797.39,S24_4048
10305,2004-10-13,4641.48,S24_4048
10314,2004-10-22,4000.26,S24_4048
10336,2004-11-20,4618.69,S24_4048
10359,2004-12-15,2603.04,S24_4048
10371,2005-01-23,1408.96,S24_4048
10383,2005-02-22,1972.11,S24_4048
10394,2005-03-15,5207.75,S24_4048
10103,2003-01-29,2873.0,S24_4258
10111,2003-03-25,2253.68,S24_4258
10126,2003-05-28,3576.12,S24_4258
10139,2003-07-16,3276.13,S24_4258
10163,2003-10-20,3845.1,S24_4258
10183,2003-11-13,5035.11,S24_4258
10193,2003-11-21,2279.0,S24_4258
10215,2004-01-29,3532.23,S24_4258
10244,2004-04-29,3467.2,S24_4258
10257,2004-06-14,3628.94,S24_4258
10269,2004-07-16,4674.72,S24_4258
10280,2004-08-17,1656.69,S24_4258
10312,2004-10-21,4884.88,S24_4258
10333,2004-11-18,4424.16,S24_4258
10369,2005-01-20,3476.8,S24_4258
10382,2005-02-17,4592.61,S24_4258
10423,2005-05-30,2208.92,S24_4258
10106,2003-02-17,1657.76,S24_4278
10120,2003-04-29,2479.21,S24_4278
10133,2003-06-27,3565.92,S24_4278
10145,2003-08-25,2797.41,S24_4278
10168,2003-10-28,3756.0,S24_4278
10223,2004-02-20,1716.26,S24_4278
10263,2004-06-28,1808.4,S24_4278
10275,2004-07-23,1682.37,S24_4278
10284,2004-08-21,1491.0,S24_4278
10297,2004-09-16,1666.35,S24_4278
10308,2004-10-15,3666.08,S24_4278
10340,2004-11-24,3390.8,S24_4278
10361,2004-12-17,1561.5,S24_4278
10398,2005-03-30,3521.25,S24_4278
10191,2003-11-20,2916.76,S24_4620
10211,2004-01-15,2027.52,S24_4620
10225,2004-02-22,3235.18,S24_4620
10252,2004-05-26,3317.78,S24_4620
10264,2004-06-30,3913.69,S24_4620
10287,2004-08-30,3524.8,S24_4620
10299,2004-09-30,2586.88,S24_4620
10310,2004-10-16,4753.49,S24_4620
10331,2004-11-17,5715.4,S24_4620
10343,2004-11-24,3098.7,S24_4620
10103,2003-01-29,3224.31,S32_1268
10126,2003-05-28,4141.33,S32_1268
10140,2003-07-24,2829.58,S32_1268
10151,2003-09-21,3068.55,S32_1268
10164,2003-10-21,2634.96,S32_1268
10184,2003-11-14,4607.36,S32_1268
10194,2003-11-25,3598.99,S32_1268
10259,2004-06-15,3900.6,S32_1268
10270,2004-07-19,2743.04,S32_1268
10281,2004-08-19,2402.07,S32_1268
10305,2004-10-13,3155.04,S32_1268
10313,2004-10-22,2366.28,S32_1268
10335,2004-11-19,4746.28,S32_1268
10371,2005-01-23,4044.04,S32_1268
10382,2005-02-17,2708.42,S32_1268
10425,2005-05-31,3553.88,S32_1268
10107,2003-02-24,1858.0,S32_1374
10120,2003-04-29,2461.36,S32_1374
10133,2003-06-27,2642.01,S32_1374
10145,2003-08-25,3098.7,S32_1374
10168,2003-10-28,3244.36,S32_1374
10188,2003-11-18,4351.16,S32_1374
10223,2004-02-20,2475.27,S32_1374
10263,2004-06-28,2477.21,S32_1374
10275,2004-07-23,1883.93,S32_1374
10285,2004-08-27,3658.93,S32_1374
10297,2004-09-16,2856.88,S32_1374
10308,2004-10-15,1917.84,S32_1374
10329,2004-11-15,2875.95,S32_1374
10340,2004-11-24,6482.85,S32_1374
10145,2003-08-25,1109.8,S32_2206
10190,2003-11-19,1517.54,S32_2206
10211,2004-01-15,1731.84,S32_2206
10224,2004-02-21,1695.49,S32_2206
10252,2004-05-26,1738.08,S32_2206
10264,2004-06-30,651.8,S32_2206
10285,2004-08-27,1518.11,S32_2206
10299,2004-09-30,1013.76,S32_2206
10310,2004-10-16,1549.8,S32_2206
10331,2004-11-17,4102.56,S32_2206
10343,2004-11-24,3713.16,S32_2206
10104,2003-01-31,1666.7,S32_2509
10151,2003-09-21,2617.85,S32_2509
10165,2003-10-22,2207.52,S32_2509
10184,2003-11-14,2071.41,S32_2509
10195,2003-11-25,1385.28,S32_2509
10259,2004-06-15,1753.2,S32_2509
10271,2004-07-20,1666.7,S32_2509
10281,2004-08-19,1710.89,S32_2509
10305,2004-10-13,2316.0,S32_2509
10313,2004-10-22,1727.1,S32_2509
10335,2004-11-19,2424.0,S32_2509
10359,2004-12-15,6358.68,S32_2509
10371,2005-01-23,1329.4,S32_2509
10383,2005-02-22,1701.76,S32_2509
10394,2005-03-15,2259.72,S32_2509
10425,2005-05-31,482.13,S32_2509
10104,2003-01-31,3227.63,S32_3207
10152,2003-09-25,1681.35,S32_3207
10165,2003-10-22,2351.36,S32_3207
10184,2003-11-14,2445.6,S32_3207
10195,2003-11-25,1804.44,S32_3207
10230,2004-03-15,2801.4,S32_3207
10272,2004-07-20,2908.35,S32_3207
10282,2004-08-20,2147.4,S32_3207
10306,2004-10-14,2315.18,S32_3207
10314,2004-10-22,2327.15,S32_3207
10336,2004-11-20,2626.01,S32_3207
10359,2004-12-15,4301.22,S32_3207
10371,2005-01-23,2986.5,S32_3207
10383,2005-02-22,1587.08,S32_3207
10394,2005-03-15,1808.4,S32_3207
10103,2003-01-29,3403.35,S32_3522
10113,2003-03-26,1575.96,S32_3522
10126,2003-05-28,1630.2,S32_3522
10140,2003-07-24,1701.28,S32_3522
10150,2003-09-19,2850.82,S32_3522
10164,2003-10-21,2692.06,S32_3522
10183,2003-11-13,3167.36,S32_3522
10194,2003-11-25,2142.66,S32_3522
10258,2004-06-15,1228.2,S32_3522
10270,2004-07-19,1330.35,S32_3522
10281,2004-08-19,2792.52,S32_3522
10313,2004-10-22,1912.16,S32_3522
10333,2004-11-18,2431.77,S32_3522
10370,2005-01-20,3160.25,S32_3522
10382,2005-02-17,6799.68,S32_3522
10424,2005-05-31,2702.04,S32_3522
10106,2003-02-17,2406.36,S32_4289
10120,2003-04-29,2094.67,S32_4289
10133,2003-06-27,2797.9,S32_4289
10144,2003-08-13,1637.2,S32_4289
10168,2003-10-28,2281.91,S32_4289
10223,2004-02-20,1320.8,S32_4289
10262,2004-06-24,3164.4,S32_4289
10275,2004-07-23,1791.16,S32_4289
10284,2004-08-21,4093.0,S32_4289
10297,2004-09-16,2234.4,S32_4289
10308,2004-10-15,3037.84,S32_4289
10340,2004-11-24,2307.24,S32_4289
10361,2004-12-17,3544.17,S32_4289
10398,2005-03-30,1483.02,S32_4289
10145,2003-08-25,3251.34,S32_4485
10190,2003-11-19,3600.24,S32_4485
10211,2004-01-15,4040.03,S32_4485
10224,2004-02-21,3336.9,S32_4485
10252,2004-05-26,2832.0,S32_4485
10264,2004-06-30,3330.98,S32_4485
10285,2004-08-27,2600.26,S32_4485
10299,2004-09-30,4382.16,S32_4485
10309,2004-10-15,4235.0,S32_4485
10331,2004-11-17,5026.56,S32_4485
10341,2004-11-24,2201.62,S32_4485
10106,2003-02-17,1565.85,S50_1341
10120,2003-04-29,2480.38,S50_1341
10133,2003-06-27,1355.13,S50_1341
10168,2003-10-28,2492.64,S50_1341
10223,2004-02-20,1896.66,S50_1341
10262,2004-06-24,1860.53,S50_1341
10275,2004-07-23,1724.82,S50_1341
10284,2004-08-21,1713.69,S50_1341
10296,2004-09-15,1259.44,S50_1341
10308,2004-10-15,2051.08,S50_1341
10340,2004-11-24,2024.8,S50_1341
10361,2004-12-17,2725.47,S50_1341
10398,2005-03-30,1796.34,S50_1341
10104,2003-01-31,3705.24,S50_1392
10151,2003-09-21,3220.1,S50_1392
10165,2003-10-22,4556.16,S50_1392
10184,2003-11-14,4948.2,S50_1392
10195,2003-11-25,5161.17,S50_1392
10230,2004-03-15,3974.94,S50_1392
10259,2004-06-15,3054.57,S50_1392
10271,2004-07-20,3345.26,S50_1392
10282,2004-08-20,4310.72,S50_1392
10305,2004-10-13,4618.32,S50_1392
10314,2004-10-22,3403.12,S50_1392
10336,2004-11-20,3141.57,S50_1392
10359,2004-12-15,4896.7,S50_1392
10371,2005-01-23,2714.4,S50_1392
10383,2005-02-22,3087.05,S50_1392
10395,2005-03-17,5692.96,S50_1392
10425,2005-05-31,1895.94,S50_1392
10104,2003-01-31,1705.92,S50_1514
10117,2003-04-16,1033.41,S50_1514
10153,2003-09-28,1779.71,S50_1514
10165,2003-10-22,2537.64,S50_1514
10185,2003-11-14,972.4,S50_1514
10196,2003-11-26,2856.14,S50_1514
10230,2004-03-15,2242.02,S50_1514
10272,2004-07-20,2443.26,S50_1514
10282,2004-08-20,2470.86,S50_1514
10306,2004-10-14,2051.56,S50_1514
10314,2004-10-22,2337.38,S50_1514
10337,2004-11-21,2296.77,S50_1514
10359,2004-12-15,1623.25,S50_1514
10372,2005-01-26,1405.92,S50_1514
10383,2005-02-22,2282.28,S50_1514
10395,2005-03-17,8977.05,S50_1514
10145,2003-08-25,3091.68,S50_4713
10190,2003-11-19,2668.8,S50_4713
10211,2004-01-15,3222.0,S50_4713
10224,2004-02-21,3864.5,S50_4713
10252,2004-05-26,3475.68,S50_4713
10264,2004-06-30,4206.5,S50_4713
10285,2004-08-27,3077.88,S50_4713
10299,2004-09-30,3544.2,S50_4713
10309,2004-10-15,2483.04,S50_4713
10331,2004-11-17,3657.8,S50_4713
10341,2004-11-24,4682.36,S50_4713
10119,2003-04-28,1916.75,S700_1138
10153,2003-09-28,2780.81,S700_1138
10167,2003-10-23,3239.62,S700_1138
10185,2003-11-14,1134.0,S700_1138
10197,2003-11-26,1487.41,S700_1138
10222,2004-02-19,1942.77,S700_1138
10233,2004-03-29,2544.12,S700_1138
10261,2004-06-17,2108.0,S700_1138
10273,2004-07-21,1372.14,S700_1138
10283,2004-08-20,3540.15,S700_1138
10306,2004-10-14,2700.0,S700_1138
10315,2004-10-29,2542.0,S700_1138
10339,2004-11-23,2816.44,S700_1138
10373,2005-01-31,4627.92,S700_1138
10385,2005-02-28,1933.5,S700_1138
10396,2005-03-23,2600.13,S700_1138
10106,2003-02-17,3312.97,S700_1691
10120,2003-04-29,3863.87,S700_1691
10133,2003-06-27,1863.36,S700_1691
10168,2003-10-28,2762.2,S700_1691
10223,2004-02-20,2534.75,S700_1691
10262,2004-06-24,3361.2,S700_1691
10275,2004-07-23,2864.32,S700_1691
10284,2004-08-21,1994.88,S700_1691
10296,2004-09-15,4296.6,S700_1691
10308,2004-10-15,2224.95,S700_1691
10340,2004-11-24,2658.0,S700_1691
10361,2004-12-17,1210.8,S700_1691
10398,2005-03-30,4121.43,S700_1691
10117,2003-04-16,3027.84,S700_1938
10153,2003-09-28,2711.88,S700_1938
10166,2003-10-21,3013.97,S700_1938
10185,2003-11-14,2832.0,S700_1938
10196,2003-11-26,4720.0,S700_1938
10221,2004-02-18,2231.0,S700_1938
10232,2004-03-20,2296.84,S700_1938
10273,2004-07-21,2146.2,S700_1938
10282,2004-08-20,3724.23,S700_1938
10306,2004-10-14,3488.78,S700_1938
10314,2004-10-22,1753.06,S700_1938
10337,2004-11-21,2530.8,S700_1938
10372,2005-01-26,4496.8,S700_1938
10384,2005-02-23,6397.44,S700_1938
10397,2005-03-28,2577.6,S700_1938
10106,2003-02-17,3177.3,S700_2047
10119,2003-04-28,2730.06,S700_2047
10131,2003-06-16,1891.78,S700_2047
10167,2003-10-23,2940.02,S700_2047
10186,2003-11-14,2389.68,S700_2047
10197,2003-11-26,2172.48,S700_2047
10222,2004-02-19,2659.54,S700_2047
10262,2004-06-24,4142.16,S700_2047
10274,2004-07-21,2172.48,S700_2047
10283,2004-08-20,1882.8,S700_2047
10296,2004-09-15,3477.86,S700_2047
10307,2004-10-14,3323.84,S700_2047
10339,2004-11-23,3918.75,S700_2047
10361,2004-12-17,1089.36,S700_2047
10373,2005-01-31,2701.12,S700_2047
10398,2005-03-30,3910.32,S700_2047
10106,2003-02-17,3763.46,S700_2466
10120,2003-04-29,2584.8,S700_2466
10131,2003-06-16,4427.6,S700_2466
10168,2003-10-28,3431.39,S700_2466
10198,2003-11-27,4774.56,S700_2466
10222,2004-02-19,3246.75,S700_2466
10262,2004-06-24,2994.75,S700_2466
10275,2004-07-23,4472.52,S700_2466
10284,2004-08-21,4576.95,S700_2466
10296,2004-09-15,2441.04,S700_2466
10308,2004-10-15,3106.25,S700_2466
10340,2004-11-24,4826.25,S700_2466
10361,2004-12-17,2754.7,S700_2466
10398,2005-03-30,1908.72,S700_2466
10119,2003-04-28,2499.26,S700_2610
10167,2003-10-23,3225.06,S700_2610
10185,2003-11-14,2254.98,S700_2610
10197,2003-11-26,3939.5,S700_2610
10222,2004-02-19,2914.2,S700_2610
10233,2004-03-29,2389.6,S700_2610
10261,2004-06-17,3021.48,S700_2610
10273,2004-07-21,2610.72,S700_2610
10283,2004-08-20,3091.19,S700_2610
10306,2004-10-14,3232.31,S700_2610
10339,2004-11-23,3717.5,S700_2610
10373,2005-01-31,2883.53,S700_2610
10397,2005-03-28,1463.0,S700_2610
10103,2003-01-29,4460.82,S700_2824
10126,2003-05-28,4597.2,S700_2824
10140,2003-07-24,4114.8,S700_2824
10150,2003-09-19,2104.0,S700_2824
10164,2003-10-21,3195.27,S700_2824
10183,2003-11-13,2000.77,S700_2824
10194,2003-11-25,2314.26,S700_2824
10258,2004-06-15,3641.4,S700_2824
10270,2004-07-19,4048.0,S700_2824
10281,2004-08-19,2321.46,S700_2824
10313,2004-10-22,2973.9,S700_2824
10336,2004-11-20,9558.8,S700_2824
10371,2005-01-23,4301.34,S700_2824
10382,2005-02-17,1864.56,S700_2824
10424,2005-05-31,3722.32,S700_2824
10106,2003-02-17,3986.56,S700_2834
10120,2003-04-29,3417.12,S700_2834
10133,2003-06-27,2691.09,S700_2834
10145,2003-08-25,2752.6,S700_2834
10168,2003-10-28,4527.72,S700_2834
10188,2003-11-18,3957.05,S700_2834
10223,2004-02-20,3199.86,S700_2834
10263,2004-06-28,5465.16,S700_2834
10275,2004-07-23,6378.72,S700_2834
10285,2004-08-27,5392.8,S700_2834
10297,2004-09-16,3986.5,S700_2834
10308,2004-10-15,4009.23,S700_2834
10340,2004-11-24,4094.51,S700_2834
10361,2004-12-17,3186.48,S700_2834
10398,2005-03-30,2810.83,S700_2834
10106,2003-02-17,3273.6,S700_3167
10120,2003-04-29,3268.0,S700_3167
10168,2003-10-28,4608.0,S700_3167
10223,2004-02-20,1747.2,S700_3167
10262,2004-06-24,2052.0,S700_3167
10275,2004-07-23,3164.8,S700_3167
10284,2004-08-21,1740.0,S700_3167
10296,2004-09-15,1777.6,S700_3167
10308,2004-10-15,1831.2,S700_3167
10341,2004-11-24,3644.12,S700_3167
10361,2004-12-17,5001.92,S700_3167
10398,2005-03-30,1902.4,S700_3167
10118,2003-04-21,4219.2,S700_3505
10153,2003-09-28,4407.5,S700_3505
10167,2003-10-23,2812.8,S700_3505
10185,2003-11-14,3891.66,S700_3505
10197,2003-11-26,2488.32,S700_3505
10222,2004-02-19,4187.22,S700_3505
10232,2004-03-20,4615.68,S700_3505
10261,2004-06-17,2203.75,S700_3505
10273,2004-07-21,3446.0,S700_3505
10283,2004-08-20,1939.3,S700_3505
10306,2004-10-14,2884.8,S700_3505
10315,2004-10-29,2670.65,S700_3505
10337,2004-11-21,2770.78,S700_3505
10373,2005-01-31,3275.56,S700_3505
10397,2005-03-28,5192.64,S700_3505
10117,2003-04-16,3753.9,S700_3962
10153,2003-09-28,2204.6,S700_3962
10167,2003-10-23,3003.0,S700_3962
10185,2003-11-14,1747.9,S700_3962
10197,2003-11-26,3267.25,S700_3962
10222,2004-02-19,2955.54,S700_3962
10232,2004-03-20,2885.05,S700_3962
10261,2004-06-17,4071.5,S700_3962
10273,2004-07-21,2969.46,S700_3962
10283,2004-08-20,3396.44,S700_3962
10306,2004-10-14,3515.7,S700_3962
10315,2004-10-29,3380.69,S700_3962
10337,2004-11-21,2588.04,S700_3962
10373,2005-01-31,4025.6,S700_3962
10397,2005-03-28,3789.72,S700_3962
10106,2003-02-17,2949.12,S700_4002
10119,2003-04-28,1539.72,S700_4002
10131,2003-06-16,2213.38,S700_4002
10168,2003-10-28,3233.49,S700_4002
10198,2003-11-27,2546.8,S700_4002
10222,2004-02-19,3183.29,S700_4002
10262,2004-06-24,2487.45,S700_4002
10275,2004-07-23,2249.05,S700_4002
10284,2004-08-21,2061.12,S700_4002
10296,2004-09-15,4071.14,S700_4002
10308,2004-10-15,2656.29,S700_4002
10339,2004-11-23,2893.0,S700_4002
10361,2004-12-17,4277.35,S700_4002
10373,2005-01-31,2502.9,S700_4002
10398,2005-03-30,3144.96,S700_4002
10106,2003-02-17,2526.72,S72_1253
10119,2003-04-28,1348.76,S72_1253
10131,2003-06-16,875.91,S72_1253
10167,2003-10-23,1668.4,S72_1253
10186,2003-11-14,1459.92,S72_1253
10197,2003-11-26,1209.59,S72_1253
10222,2004-02-19,1416.39,S72_1253
10262,2004-06-24,1199.31,S72_1253
10274,2004-07-21,1875.2,S72_1253
10283,2004-08-20,2477.23,S72_1253
10296,2004-09-15,948.99,S72_1253
10307,2004-10-14,1823.42,S72_1253
10329,2004-11-15,3789.72,S72_1253
10339,2004-11-23,2060.37,S72_1253
10361,2004-12-17,2189.6,S72_1253
10373,2005-01-31,1624.25,S72_1253
10398,2005-03-30,1367.48,S72_1253
10117,2003-04-16,2184.0,S72_3212
10153,2003-09-28,3003.0,S72_3212
10167,2003-10-23,1846.42,S72_3212
10185,2003-11-14,1804.04,S72_3212
10197,2003-11-26,2109.66,S72_3212
10222,2004-02-19,2280.24,S72_3212
10232,2004-03-20,1192.56,S72_3212
10261,2004-06-17,1472.62,S72_3212
10273,2004-07-21,1696.82,S72_3212
10283,2004-08-20,1693.56,S72_3212
10306,2004-10-14,2082.85,S72_3212
10315,2004-10-29,2227.6,S72_3212
10337,2004-11-21,4080.72,S72_3212
10373,2005-01-31,3978.51,S72_3212
10397,2005-03-28,2116.16,S72_3212
